{
  "office0": {
    "ssim": {
      "median_ate_cm": 0.4142908379435539,
      "all_ates": [
        0.41093067266047,
        0.4239517729729414,
        0.4142908379435539
      ]
    },
    "lpips": {
      "median_ate_cm": 0.4183798097074032,
      "all_ates": [
        0.4183798097074032,
        0.4183621145784855,
        0.42043705470860004
      ]
    }
  },
  "fr3_office": {
    "ssim": {
      "median_ate_cm": 0.43278420343995094,
      "all_ates": [
        0.4327476490288973,
        0.43499618768692017,
        0.43278420343995094
      ]
    },
    "lpips": {
      "median_ate_cm": 0.4318899940699339,
      "all_ates": [
        0.4318773280829191,
        0.43532270938158035,
        0.4318899940699339
      ]
    }
  }
}