{
  "office0": {
    "ate_median": 0.003199888626113534,
    "ate_mean": 0.003180476138368249,
    "are_median": 0.06255725771188736,
    "are_mean": 0.06431275606155396,
    "success_rate": 1.0,
    "localization_rate": 1.0,
    "n_success": 100,
    "n_fail": 0,
    "n_query": 100,
    "ate_median_successful": 0.003199888626113534,
    "are_median_successful": 0.06255725771188736,
    "success_rate_successful": 1.0,
    "runtime_mean_ms": 7046.661491394043,
    "build_time_s": 135.86875700950623,
    "avg_correspondences": 20005.79,
    "avg_inliers": 12064.5,
    "trans_errors": [
      0.001914503751322627,
      0.00434630224481225,
      0.0043481881730258465,
      0.003860686905682087,
      0.004722566809505224,
      0.0014231005916371942,
      0.006923966575413942,
      0.005119431298226118,
      0.0033585671335458755,
      0.004629169125109911,
      0.0036442968994379044,
      0.004480649251490831,
      0.005556917283684015,
      0.0037627655547112226,
      0.0021546324715018272,
      0.004146103281527758,
      0.00430331053212285,
      0.003646531840786338,
      0.0033405758440494537,
      0.002496743807569146,
      0.0042051831260323524,
      0.0032358746975660324,
      0.005179216153919697,
      0.002582771237939596,
      0.005188625305891037,
      0.0016218952368944883,
      0.0022435493301600218,
      0.0022868611849844456,
      0.0010283341398462653,
      0.0005853031179867685,
      0.0023580000270158052,
      0.0017179722199216485,
      0.0009377986425533891,
      0.004176508169621229,
      0.0032279889564961195,
      0.0030931816436350346,
      0.002769578481093049,
      0.00322515401057899,
      0.004675299860537052,
      0.0032708432991057634,
      0.0015238570049405098,
      0.0035659540444612503,
      0.0010662507265806198,
      0.0034518621396273375,
      0.0011154217645525932,
      0.0007009018445387483,
      0.0023638589773327112,
      0.0010823644697666168,
      0.0046282741241157055,
      0.002016884507611394,
      0.0010365877533331513,
      0.004775489680469036,
      0.0022519268095493317,
      0.001803318620659411,
      0.0007400829927064478,
      0.0030332014430314302,
      0.003774770302698016,
      0.0013473080471158028,
      0.005141356028616428,
      0.003199888626113534,
      0.0008245693170465529,
      0.00296055618673563,
      0.0027237655594944954,
      0.0030586726497858763,
      0.004931961186230183,
      0.0017904866253957152,
      0.001574972178786993,
      0.0015350602334365249,
      0.004056749865412712,
      0.0023553227074444294,
      0.0032255465630441904,
      0.006033627316355705,
      0.00599927082657814,
      0.004439018666744232,
      0.004079233855009079,
      0.004684751853346825,
      0.004749434068799019,
      0.0021868287585675716,
      0.0030829505994915962,
      0.002837372710928321,
      0.0032687310595065355,
      0.0025527833495289087,
      0.001784469815902412,
      0.002225046046078205,
      0.0037845917977392673,
      0.002953804563730955,
      0.0024410407058894634,
      0.002935847034677863,
      0.0016400424065068364,
      0.004234606865793467,
      0.003075394779443741,
      0.003095639403909445,
      0.004909865092486143,
      0.003987865522503853,
      0.003241962753236294,
      0.003280253615230322,
      0.005036376882344484,
      0.003069221740588546,
      0.0034835869446396828,
      0.005507821682840586
    ],
    "rot_errors": [
      0.03956468030810356,
      0.09278741478919983,
      0.09278741478919983,
      0.07912936806678772,
      0.10467832535505295,
      0.02797645516693592,
      0.14803752303123474,
      0.11190583556890488,
      0.06852804124355316,
      0.10467832535505295,
      0.08392937481403351,
      0.09691329300403595,
      0.11869406700134277,
      0.08846932649612427,
      0.03956468030810356,
      0.09278741478919983,
      0.09278741478919983,
      0.07912936806678772,
      0.07401874661445618,
      0.05595291033387184,
      0.09691329300403595,
      0.07401874661445618,
      0.11190583556890488,
      0.05595291033387184,
      0.11869406700134277,
      0.03956468030810356,
      0.05595291033387184,
      0.048456642776727676,
      0.0,
      0.0,
      0.05595291033387184,
      0.03956468030810356,
      0.0,
      0.08392937481403351,
      0.06255725771188736,
      0.05595291033387184,
      0.03956468030810356,
      0.06255725771188736,
      0.09278741478919983,
      0.06852804124355316,
      0.02797645516693592,
      0.07912936806678772,
      0.0,
      0.07401874661445618,
      0.0,
      0.0,
      0.048456642776727676,
      0.0,
      0.08846932649612427,
      0.03956468030810356,
      0.02797645516693592,
      0.08846932649612427,
      0.03956468030810356,
      0.03956468030810356,
      0.0,
      0.06852804124355316,
      0.07912936806678772,
      0.03956468030810356,
      0.10467832535505295,
      0.06852804124355316,
      0.02797645516693592,
      0.05595291033387184,
      0.05595291033387184,
      0.06255725771188736,
      0.10467832535505295,
      0.03956468030810356,
      0.02797645516693592,
      0.03956468030810356,
      0.08846932649612427,
      0.03956468030810356,
      0.06255725771188736,
      0.1153499037027359,
      0.11869406700134277,
      0.08846932649612427,
      0.07912936806678772,
      0.08846932649612427,
      0.08846932649612427,
      0.03956468030810356,
      0.06852804124355316,
      0.05595291033387184,
      0.06852804124355316,
      0.05595291033387184,
      0.03956468030810356,
      0.048456642776727676,
      0.07401874661445618,
      0.05595291033387184,
      0.05595291033387184,
      0.05595291033387184,
      0.02797645516693592,
      0.07912936806678772,
      0.05595291033387184,
      0.05595291033387184,
      0.09278741478919983,
      0.07912936806678772,
      0.06852804124355316,
      0.06255725771188736,
      0.09691329300403595,
      0.06852804124355316,
      0.06852804124355316,
      0.10467832535505295
    ]
  },
  "room0": {
    "ate_median": 0.0017017344944179058,
    "ate_mean": 0.0021140186581760645,
    "are_median": 0.03956468030810356,
    "are_mean": 0.030423788353800774,
    "success_rate": 1.0,
    "localization_rate": 1.0,
    "n_success": 100,
    "n_fail": 0,
    "n_query": 100,
    "ate_median_successful": 0.0017017344944179058,
    "are_median_successful": 0.03956468030810356,
    "success_rate_successful": 1.0,
    "runtime_mean_ms": 16751.363174915314,
    "build_time_s": 122.42085337638855,
    "avg_correspondences": 27003.32,
    "avg_inliers": 17951.52,