{
  "office0": {
    "0.010_0.0033": {
      "ate_median": 0.010605237446725368,
      "ate_mean": 0.012728787958621979,
      "are_median": 0.20935674011707306,
      "are_mean": 0.2736698091030121,
      "success_rate": 1.0,
      "runtime_mean_ms": 2610.3775310516357,
      "init_ate_median": 0.016092175617814064,
      "init_are_median": 0.1251145452260971
    },
    "0.030_0.0100": {
      "ate_median": 0.010663561522960663,
      "ate_mean": 0.013032111339271069,
      "are_median": 0.22205635905265808,
      "are_mean": 0.28010955452919006,
      "success_rate": 1.0,
      "runtime_mean_ms": 1133.767442703247,
      "init_ate_median": 0.04885480925440788,
      "init_are_median": 0.33102235198020935
    },
    "0.050_0.0167": {
      "ate_median": 0.011471999809145927,
      "ate_mean": 0.014291469939053059,
      "are_median": 0.25487783551216125,
      "are_mean": 0.3185783624649048,
      "success_rate": 1.0,
      "runtime_mean_ms": 296.69344663619995,
      "init_ate_median": 0.07930867373943329,
      "init_are_median": 0.6679324507713318
    },
    "0.100_0.0333": {
      "ate_median": 0.015782466158270836,
      "ate_mean": 0.03806497901678085,
      "are_median": 0.3626168966293335,
      "are_mean": 0.8638535141944885,
      "success_rate": 0.7799999713897705,
      "runtime_mean_ms": 312.80354499816895,
      "init_ate_median": 0.1714153289794922,
      "init_are_median": 1.419961929321289
    },
    "0.200_0.0667": {
      "ate_median": 0.13564547896385193,
      "ate_mean": 0.18912705779075623,
      "are_median": 2.415569543838501,
      "are_mean": 4.141218185424805,
      "success_rate": 0.3100000023841858,
      "runtime_mean_ms": 320.70112228393555,
      "init_ate_median": 0.3329686224460602,
      "init_are_median": 2.9927749633789062
    }
  },
  "room0": {
    "0.010_0.0033": {
      "ate_median": 0.011293578892946243,
      "ate_mean": 0.013350224122405052,
      "are_median": 0.19782350957393646,
      "are_mean": 0.3541591167449951,
      "success_rate": 1.0,
      "runtime_mean_ms": 496.39888286590576,
      "init_ate_median": 0.017897801473736763,
      "init_are_median": 0.12820425629615784
    },
    "0.030_0.0100": {
      "ate_median": 0.012228657491505146,
      "ate_mean": 0.014325972646474838,
      "are_median": 0.25178831815719604,
      "are_mean": 0.3671247065067291,
      "success_rate": 0.9900000095367432,
      "runtime_mean_ms": 290.78677892684937,
      "init_ate_median": 0.05074978619813919,
      "init_are_median": 0.4334104061126709
    },
    "0.050_0.0167": {
      "ate_median": 0.013166289776563644,
      "ate_mean": 0.014881419017910957,
      "are_median": 0.3214254379272461,
      "are_mean": 0.3724990785121918,
      "success_rate": 1.0,
      "runtime_mean_ms": 297.8390622138977,
      "init_ate_median": 0.08417026698589325,
      "init_are_median": 0.5848376154899597
    },
    "0.100_0.0333": {
      "ate_median": 0.013688314706087112,
      "ate_mean": 0.030994636937975883,
      "are_median": 0.36903542280197144,
      "are_mean": 0.6862191557884216,
      "success_rate": 0.8500000238418579,
      "runtime_mean_ms": 598.2060027122498,
      "init_ate_median": 0.17815256118774414,
      "init_are_median": 1.4024900197982788
    },
    "0.200_0.0667": {
      "ate_median": 0.09337210655212402,
      "ate_mean": 0.18082298338413239,
      "are_median": 1.7554657459259033,
      "are_mean": 2.8979830741882324,
      "success_rate": 0.4000000059604645,
      "runtime_mean_ms": 696.6168260574341,
      "init_ate_median": 0.3400190770626068,
      "init_are_median": 2.497164726257324
    }
  },
  "fr3_office": {
    "0.010_0.0033": {
      "ate_median": 0.01014653965830803,
      "ate_mean": 0.013665768317878246,
      "are_median": 0.652521014213562,
      "are_mean": 0.7069815993309021,
      "success_rate": 0.9800000190734863,
      "runtime_mean_ms": 305.4740023612976,
      "init_ate_median": 0.01811213791370392,
      "init_are_median": 0.5987250208854675
    },
    "0.030_0.0100": {
      "ate_median": 0.012685894966125488,
      "ate_mean": 0.01717286929488182,
      "are_median": 0.7677033543586731,
      "are_mean": 0.7558329701423645,
      "success_rate": 0.949999988079071,
      "runtime_mean_ms": 302.0152735710144,
      "init_ate_median": 0.05063226446509361,
      "init_are_median": 0.7016503214836121
    },
    "0.050_0.0167": {
      "ate_median": 0.012401189655065536,
      "ate_mean": 0.022472571581602097,
      "are_median": 0.8318071365356445,
      "are_mean": 0.8534992337226868,
      "success_rate": 0.9200000166893005,
      "runtime_mean_ms": 1054.7000074386597,
      "init_ate_median": 0.08166849613189697,
      "init_are_median": 1.0752002000808716
    },
    "0.100_0.0333": {
      "ate_median": 0.03359678387641907,
      "ate_mean": 0.06511881947517395,
      "are_median": 1.3364734649658203,
      "are_mean": 1.6545684337615967,
      "success_rate": 0.5400000214576721,
      "runtime_mean_ms": 1141.511640548706,
      "init_ate_median": 0.18718266487121582,
      "init_are_median": 1.5231566429138184
    },
    "0.200_0.0667": {
      "ate_median": 0.1920458972454071,
      "ate_mean": 0.234430730342865,
      "are_median": 3.2982375621795654,
      "are_mean": 3.899019718170166,
      "success_rate": 0.20999999344348907,
      "runtime_mean_ms": 307.37839698791504,
      "init_ate_median": 0.3382602334022522,
      "init_are_median": 2.8599231243133545
    }
  }
}